,anonymised_protein_id,Run,1.0
0,0.vtk,39,0.997752845287323
1,1.vtk,86,0.9895785450935364
2,2.vtk,8,1.0
3,3.vtk,54,1.0
4,4.vtk,43,0.6095802187919617
5,5.vtk,14,0.9899523854255676
6,6.vtk,69,1.0
7,7.vtk,8,0.9999997615814209
8,8.vtk,8,0.9999961853027344
9,9.vtk,33,1.0
10,10.vtk,8,0.9999998807907104
11,11.vtk,8,1.0
12,12.vtk,8,0.999998927116394
13,13.vtk,25,0.957588791847229
14,14.vtk,56,0.9999939203262329
15,15.vtk,71,0.9999899864196777
16,16.vtk,21,0.9979388117790222
17,17.vtk,56,0.9999996423721313
18,18.vtk,56,0.9999934434890747
19,19.vtk,32,0.9999963045120239
20,20.vtk,8,0.9999767541885376
21,21.vtk,15,1.0
22,22.vtk,14,1.0
23,23.vtk,14,0.916233241558075
24,24.vtk,14,1.0
25,25.vtk,14,1.0
26,26.vtk,8,1.0
27,27.vtk,8,1.0
28,28.vtk,54,1.0
29,29.vtk,14,0.999849796295166
30,30.vtk,8,1.0
31,31.vtk,91,1.0
32,32.vtk,86,0.9780674576759338
33,33.vtk,51,1.0
34,34.vtk,90,0.999631404876709
35,35.vtk,8,0.9999916553497314
36,36.vtk,83,1.0
37,37.vtk,86,1.0
38,38.vtk,8,0.8422524929046631
39,39.vtk,90,0.9050593972206116
40,40.vtk,92,1.0
41,41.vtk,56,1.0
42,42.vtk,62,1.0
43,43.vtk,8,0.9999998807907104
44,44.vtk,25,1.0
45,45.vtk,0,1.0
46,46.vtk,8,0.9999970197677612
47,47.vtk,56,0.9999780654907227
48,48.vtk,40,0.6256364583969116
49,49.vtk,56,0.9994111061096191
50,50.vtk,9,0.9999998807907104
51,51.vtk,86,0.999998927116394
52,52.vtk,43,0.6763691306114197
53,53.vtk,8,1.0
54,54.vtk,8,1.0
55,55.vtk,60,1.0
56,56.vtk,8,0.9999769926071167
57,57.vtk,56,0.9998096823692322
58,58.vtk,9,0.9286600947380066
59,59.vtk,8,1.0
60,60.vtk,15,1.0
61,61.vtk,54,1.0
62,62.vtk,92,1.0
63,63.vtk,70,0.9766329526901245
64,64.vtk,54,1.0
65,65.vtk,25,0.9803978800773621
66,66.vtk,14,0.9962953925132751
67,67.vtk,88,0.9999998807907104
68,68.vtk,90,0.9409103393554688
69,69.vtk,86,0.9999998807907104
70,70.vtk,79,0.9657302498817444
71,71.vtk,56,0.9999152421951294
72,72.vtk,60,1.0
73,73.vtk,8,1.0
74,74.vtk,81,1.0
75,75.vtk,25,1.0
76,76.vtk,8,0.9997369647026062
77,77.vtk,96,0.9999998807907104
78,78.vtk,75,1.0
79,79.vtk,75,0.9991472959518433
80,80.vtk,90,0.9996955394744873
81,81.vtk,90,0.9920002222061157
82,82.vtk,90,0.9999537467956543
83,83.vtk,8,1.0
84,84.vtk,16,0.9999984502792358
85,85.vtk,25,0.8129527568817139
86,86.vtk,86,0.9999967813491821
87,87.vtk,88,0.7644279599189758
88,88.vtk,69,0.9996817111968994
89,89.vtk,8,1.0
90,90.vtk,64,1.0
91,91.vtk,8,0.9999995231628418
92,92.vtk,7,0.9959214925765991
93,93.vtk,8,1.0
94,94.vtk,56,0.9999068975448608
95,95.vtk,18,0.999998927116394
96,96.vtk,14,0.9143174290657043
97,97.vtk,85,0.9994931221008301
98,98.vtk,19,0.9871799349784851
99,99.vtk,60,1.0
100,100.vtk,61,0.9999263286590576
101,101.vtk,39,0.9999490976333618
102,102.vtk,14,0.9999986886978149
103,103.vtk,83,1.0
104,104.vtk,79,1.0
105,105.vtk,55,1.0
106,106.vtk,15,1.0
107,107.vtk,8,1.0
108,108.vtk,8,0.9999901056289673
109,109.vtk,32,0.9988921284675598
110,110.vtk,38,0.9999998807907104
111,111.vtk,47,0.9997760653495789
112,112.vtk,76,1.0
113,113.vtk,5,1.0
114,114.vtk,61,0.8491149544715881
115,115.vtk,8,0.9999825954437256
116,116.vtk,8,0.9959208965301514
117,117.vtk,56,0.9999544620513916
118,118.vtk,8,0.9999995231628418
119,119.vtk,56,0.6794148087501526
120,120.vtk,62,1.0
121,121.vtk,9,0.5670296549797058
122,122.vtk,86,0.6330873370170593
123,123.vtk,61,0.9993945360183716
124,124.vtk,8,0.9999998807907104
125,125.vtk,8,1.0
126,126.vtk,8,0.7236402630805969
127,127.vtk,14,0.9557755589485168
128,128.vtk,59,0.8571003079414368
129,129.vtk,90,1.0
130,130.vtk,70,0.9753981828689575
131,131.vtk,8,0.9999979734420776
132,132.vtk,87,1.0
133,133.vtk,56,0.9999997615814209
134,134.vtk,61,0.7542141675949097
135,135.vtk,92,1.0
136,136.vtk,59,1.0
137,137.vtk,53,1.0
138,138.vtk,16,1.0
139,139.vtk,62,1.0
140,140.vtk,90,0.9999992847442627
141,141.vtk,8,0.9993273019790649
142,142.vtk,71,1.0
143,143.vtk,14,0.865737795829773
144,144.vtk,90,1.0
145,145.vtk,54,1.0
146,146.vtk,8,0.9999998807907104
147,147.vtk,61,1.0
148,148.vtk,8,1.0
149,149.vtk,8,1.0
150,150.vtk,8,0.999821126461029
151,151.vtk,14,1.0
152,152.vtk,8,0.9993163347244263
153,153.vtk,90,0.9999991655349731
154,154.vtk,8,1.0
155,155.vtk,46,0.9998825788497925
156,156.vtk,14,0.981630265712738
157,157.vtk,91,1.0
158,158.vtk,70,0.9935038685798645
159,159.vtk,62,1.0
160,160.vtk,51,0.9999996423721313
161,161.vtk,47,0.9999998807907104
162,162.vtk,37,1.0
163,163.vtk,92,0.46109989285469055
164,164.vtk,91,1.0
165,165.vtk,33,1.0
166,166.vtk,8,0.9999998807907104
167,167.vtk,14,0.9998667240142822
168,168.vtk,8,0.9810057878494263
169,169.vtk,8,1.0
170,170.vtk,8,0.9999977350234985
171,171.vtk,2,1.0
172,172.vtk,60,1.0
173,173.vtk,8,1.0
174,174.vtk,8,0.9028757810592651
175,175.vtk,54,1.0
176,176.vtk,19,0.9998239874839783
177,177.vtk,79,1.0
178,178.vtk,9,1.0
179,179.vtk,8,0.9999732971191406
180,180.vtk,34,0.5780329704284668
181,181.vtk,83,1.0
182,182.vtk,54,1.0
183,183.vtk,10,0.9395613074302673
184,184.vtk,24,0.9961701035499573
185,185.vtk,8,1.0
186,186.vtk,19,0.9992426633834839
187,187.vtk,22,0.9972834587097168
188,188.vtk,38,0.9999818801879883
189,189.vtk,11,1.0
190,190.vtk,14,0.8954683542251587
191,191.vtk,37,1.0
192,192.vtk,61,0.9993890523910522
193,193.vtk,8,1.0
194,194.vtk,25,0.9999332427978516
195,195.vtk,8,0.9999988079071045
196,196.vtk,56,0.9999940395355225
197,197.vtk,86,1.0
198,198.vtk,90,1.0
199,199.vtk,48,1.0
200,200.vtk,61,0.8546658754348755
201,201.vtk,41,1.0
202,202.vtk,48,0.7044743299484253
203,203.vtk,62,1.0
204,204.vtk,86,0.9999985694885254
205,205.vtk,15,1.0
206,206.vtk,8,1.0
207,207.vtk,8,0.9999898672103882
208,208.vtk,8,1.0
209,209.vtk,8,0.9975343942642212
210,210.vtk,8,0.9997249245643616
211,211.vtk,81,1.0
212,212.vtk,14,0.9993484616279602
213,213.vtk,90,0.8739973902702332
214,214.vtk,16,0.7994241714477539
215,215.vtk,56,1.0
216,216.vtk,14,0.5015501976013184
217,217.vtk,37,1.0
218,218.vtk,90,0.999313473701477
219,219.vtk,16,0.9999994039535522
220,220.vtk,8,0.9982890486717224
221,221.vtk,74,0.8484129309654236
222,222.vtk,8,0.9999998807907104
223,223.vtk,33,1.0
224,224.vtk,53,1.0
225,225.vtk,11,1.0
226,226.vtk,8,0.9999979734420776
227,227.vtk,70,1.0
228,228.vtk,8,0.9999996423721313
229,229.vtk,61,1.0
230,230.vtk,21,0.9970759153366089
231,231.vtk,22,0.999995231628418
232,232.vtk,8,1.0
233,233.vtk,8,0.9999991655349731
234,234.vtk,90,0.9997630715370178
235,235.vtk,62,1.0
236,236.vtk,59,1.0
237,237.vtk,33,1.0
238,238.vtk,70,1.0
239,239.vtk,56,1.0
240,240.vtk,8,0.9999363422393799
241,241.vtk,8,1.0
242,242.vtk,8,1.0
243,243.vtk,8,1.0
244,244.vtk,18,1.0
245,245.vtk,16,1.0
246,246.vtk,60,0.9999669790267944
247,247.vtk,79,0.9947052597999573
248,248.vtk,90,0.9983869791030884
249,249.vtk,53,0.605216920375824
250,250.vtk,56,1.0
251,251.vtk,16,0.9999998807907104
252,252.vtk,8,1.0
253,253.vtk,90,0.9998953342437744
254,254.vtk,93,0.9999737739562988
255,255.vtk,17,1.0
256,256.vtk,61,0.8359171748161316
257,257.vtk,54,0.9999996423721313
258,258.vtk,87,1.0
259,259.vtk,56,0.9999984502792358
260,260.vtk,62,1.0
261,261.vtk,0,1.0
262,262.vtk,8,1.0
263,263.vtk,62,0.9883113503456116
264,264.vtk,5,1.0
265,265.vtk,17,0.6069936752319336
266,266.vtk,70,0.9999998807907104
267,267.vtk,61,0.6152088642120361
268,268.vtk,14,1.0
269,269.vtk,45,0.9999933242797852
270,270.vtk,8,0.999995231628418
271,271.vtk,40,0.9103829264640808
272,272.vtk,8,1.0
273,273.vtk,11,0.9999997615814209
274,274.vtk,56,0.9959732890129089
275,275.vtk,16,1.0
276,276.vtk,8,1.0
277,277.vtk,38,1.0
278,278.vtk,60,1.0
279,279.vtk,8,0.9997308850288391
280,280.vtk,32,0.7673940062522888
281,281.vtk,90,1.0
282,282.vtk,8,1.0
283,283.vtk,70,0.9999995231628418
284,284.vtk,8,0.999998927116394
285,285.vtk,54,1.0
286,286.vtk,45,0.8322986960411072
287,287.vtk,15,1.0
288,288.vtk,8,1.0
289,289.vtk,38,0.9999995231628418
290,290.vtk,56,1.0
291,291.vtk,8,0.9762812852859497
292,292.vtk,79,1.0
293,293.vtk,8,0.9999426603317261
294,294.vtk,90,0.8405476808547974
295,295.vtk,83,1.0
296,296.vtk,8,1.0
297,297.vtk,51,1.0
298,298.vtk,0,1.0
299,299.vtk,16,1.0
300,300.vtk,56,0.9999903440475464
301,301.vtk,90,0.7849063873291016
302,302.vtk,8,1.0
303,303.vtk,61,0.9999998807907104
304,304.vtk,51,0.9994669556617737
305,305.vtk,62,0.9999994039535522
306,306.vtk,91,1.0
307,307.vtk,8,1.0
308,308.vtk,70,0.999998927116394
309,309.vtk,21,1.0
310,310.vtk,90,0.9999998807907104
311,311.vtk,8,0.9999998807907104
312,312.vtk,35,0.999998927116394
313,313.vtk,70,0.9999998807907104
314,314.vtk,90,0.6600659489631653
315,315.vtk,8,0.9365967512130737
316,316.vtk,8,0.9999995231628418
317,317.vtk,8,1.0
318,318.vtk,8,1.0
319,319.vtk,80,0.9937347769737244
320,320.vtk,56,0.9938249588012695
321,321.vtk,37,1.0
322,322.vtk,56,0.9999970197677612
323,323.vtk,39,0.787920355796814
324,324.vtk,9,1.0
325,325.vtk,8,0.9994157552719116
326,326.vtk,16,0.9998393058776855
327,327.vtk,56,0.9998655319213867
328,328.vtk,15,1.0
329,329.vtk,37,1.0
330,330.vtk,90,0.9999927282333374
331,331.vtk,37,1.0
332,332.vtk,8,0.9999991655349731
333,333.vtk,8,0.9999524354934692
334,334.vtk,56,0.6382831335067749
335,335.vtk,9,0.8853017091751099
336,336.vtk,8,1.0
337,337.vtk,8,1.0
338,338.vtk,35,0.9998964071273804
339,339.vtk,8,1.0
340,340.vtk,91,1.0
341,341.vtk,78,0.9732008576393127
342,342.vtk,56,1.0
343,343.vtk,56,0.9999980926513672
344,344.vtk,59,0.9999998807907104
345,345.vtk,48,0.9999850988388062
346,346.vtk,61,0.9992382526397705
347,347.vtk,69,1.0
348,348.vtk,14,1.0
349,349.vtk,8,0.9999837875366211
350,350.vtk,8,0.9999990463256836
351,351.vtk,56,0.9999982118606567
352,352.vtk,25,0.7517160773277283
353,353.vtk,8,0.999995231628418
354,354.vtk,8,0.9822748899459839
355,355.vtk,8,0.9998213648796082
356,356.vtk,33,1.0
357,357.vtk,14,0.9952964186668396
358,358.vtk,87,1.0
359,359.vtk,32,0.8975017666816711
360,360.vtk,0,0.9999675750732422
361,361.vtk,61,0.9993425011634827
362,362.vtk,17,0.9999932050704956
363,363.vtk,14,0.6880075931549072
364,364.vtk,90,0.9901941418647766
365,365.vtk,8,0.9988691210746765
366,366.vtk,25,0.8855099081993103
367,367.vtk,56,0.9100605845451355
368,368.vtk,8,1.0
369,369.vtk,79,0.9941350817680359
370,370.vtk,5,1.0
371,371.vtk,0,1.0
372,372.vtk,43,0.7861570119857788
373,373.vtk,61,0.9999595880508423
374,374.vtk,33,1.0
375,375.vtk,8,0.9999861717224121
376,376.vtk,86,1.0
377,377.vtk,41,1.0
378,378.vtk,56,1.0
379,379.vtk,90,0.8229174613952637
380,380.vtk,8,0.9993470311164856
381,381.vtk,56,0.9999997615814209
382,382.vtk,47,0.9998725652694702
383,383.vtk,8,0.9999986886978149
384,384.vtk,8,1.0
385,385.vtk,83,1.0
386,386.vtk,8,1.0
387,387.vtk,90,0.9999998807907104
388,388.vtk,21,1.0
389,389.vtk,80,0.634882926940918
390,390.vtk,37,0.9718937277793884
391,391.vtk,56,0.9999257326126099
392,392.vtk,74,1.0
393,393.vtk,16,1.0
394,394.vtk,33,1.0
395,395.vtk,8,1.0
396,396.vtk,8,0.9999916553497314
397,397.vtk,93,0.9823441505432129
398,398.vtk,8,0.9999996423721313
399,399.vtk,8,1.0
400,400.vtk,56,0.9973157048225403
401,401.vtk,51,0.999552309513092
402,402.vtk,14,1.0
403,403.vtk,8,1.0
404,404.vtk,71,1.0
405,405.vtk,14,0.9999990463256836
406,406.vtk,56,0.9999662637710571
407,407.vtk,75,1.0
408,408.vtk,62,0.9999749660491943
409,409.vtk,90,0.8828136324882507
410,410.vtk,18,1.0
411,411.vtk,70,0.9782819151878357
412,412.vtk,90,0.9984644651412964
413,413.vtk,8,1.0
414,414.vtk,83,1.0
415,415.vtk,74,0.9999992847442627
416,416.vtk,17,0.9999923706054688
417,417.vtk,90,0.578544020652771
418,418.vtk,93,1.0
419,419.vtk,61,0.9996583461761475
420,420.vtk,13,0.9258302450180054
421,421.vtk,90,0.9999991655349731
422,422.vtk,61,0.6342911124229431
423,423.vtk,8,0.9999997615814209
424,424.vtk,56,1.0
425,425.vtk,14,0.8929824829101562
426,426.vtk,14,0.9992790818214417
427,427.vtk,8,0.9965313076972961
428,428.vtk,8,1.0
429,429.vtk,0,0.9998472929000854
430,430.vtk,14,0.9607140421867371
431,431.vtk,14,0.9994787573814392
432,432.vtk,86,0.9578479528427124
433,433.vtk,61,0.9999520778656006
434,434.vtk,61,0.9579280018806458
435,435.vtk,54,1.0
436,436.vtk,16,0.9987155199050903
437,437.vtk,14,1.0
438,438.vtk,8,1.0
439,439.vtk,16,1.0
440,440.vtk,61,0.7453954815864563
441,441.vtk,37,0.6882762908935547
442,442.vtk,88,1.0
443,443.vtk,8,1.0
444,444.vtk,8,1.0
445,445.vtk,90,0.9976726174354553
446,446.vtk,8,0.8539847135543823
447,447.vtk,8,1.0
448,448.vtk,8,0.9999946355819702
449,449.vtk,56,1.0
450,450.vtk,8,1.0
451,451.vtk,3,0.9724858999252319
452,452.vtk,33,1.0
453,453.vtk,90,0.9999992847442627
454,454.vtk,34,0.9999960660934448
455,455.vtk,70,0.9999443292617798
456,456.vtk,8,0.9971023201942444
457,457.vtk,0,0.9999988079071045
458,458.vtk,60,0.9999996423721313
459,459.vtk,8,0.9999971389770508
460,460.vtk,22,0.9990580677986145
461,461.vtk,59,1.0
462,462.vtk,92,1.0
463,463.vtk,36,0.9951400756835938
464,464.vtk,21,0.9999995231628418
465,465.vtk,80,0.5139778256416321
466,466.vtk,8,1.0
467,467.vtk,8,1.0
468,468.vtk,90,0.6959744691848755
469,469.vtk,34,0.7010385394096375
470,470.vtk,8,1.0
471,471.vtk,47,0.9972341656684875
472,472.vtk,22,0.9974775910377502
473,473.vtk,8,0.9991945624351501
474,474.vtk,56,0.999915599822998
475,475.vtk,14,0.9999948740005493
476,476.vtk,86,0.9160298109054565
477,477.vtk,90,0.9994081258773804
478,478.vtk,8,0.9999997615814209
479,479.vtk,8,1.0
480,480.vtk,19,0.9999916553497314
481,481.vtk,86,0.9995997548103333
482,482.vtk,43,0.5395911335945129
483,483.vtk,14,0.9999839067459106
484,484.vtk,71,1.0
485,485.vtk,74,1.0
486,486.vtk,91,1.0
487,487.vtk,11,0.9999990463256836
488,488.vtk,90,0.9888328313827515
489,489.vtk,5,1.0
490,490.vtk,74,0.9999104738235474
491,491.vtk,8,0.9993715882301331
492,492.vtk,14,0.9999997615814209
493,493.vtk,56,0.9996160268783569
494,494.vtk,14,0.9999998807907104
495,495.vtk,93,0.8302239179611206
496,496.vtk,8,0.9999417066574097
497,497.vtk,96,0.999895453453064
498,498.vtk,74,1.0
499,499.vtk,61,0.8031159043312073
500,500.vtk,59,1.0
501,501.vtk,37,0.9999996423721313
502,502.vtk,8,0.8331412076950073
503,503.vtk,17,1.0
504,504.vtk,90,0.9824166297912598
505,505.vtk,56,0.9820974469184875
506,506.vtk,8,1.0
507,507.vtk,40,0.9839637875556946
508,508.vtk,8,1.0
509,509.vtk,5,1.0
510,510.vtk,32,1.0
511,511.vtk,90,1.0
512,512.vtk,64,0.9999793767929077
513,513.vtk,8,1.0
514,514.vtk,43,0.910716712474823
515,515.vtk,25,0.9134887456893921
516,516.vtk,14,1.0
517,517.vtk,91,1.0
518,518.vtk,66,1.0
519,519.vtk,56,0.9995428323745728
520,520.vtk,74,1.0
521,521.vtk,8,0.9982972741127014
522,522.vtk,55,1.0
523,523.vtk,14,0.7188750505447388
524,524.vtk,90,0.9835205674171448
525,525.vtk,52,1.0
526,526.vtk,90,0.9999990463256836
527,527.vtk,56,0.9326417446136475
528,528.vtk,59,0.999085545539856
529,529.vtk,62,1.0
530,530.vtk,52,1.0
531,531.vtk,7,1.0
532,532.vtk,91,1.0
533,533.vtk,31,0.9999998807907104
534,534.vtk,83,1.0
535,535.vtk,92,1.0
536,536.vtk,62,1.0
537,537.vtk,8,1.0
538,538.vtk,75,0.9999992847442627
539,539.vtk,8,1.0
540,540.vtk,8,0.9821772575378418
541,541.vtk,25,1.0
542,542.vtk,71,1.0
543,543.vtk,69,0.9999982118606567
544,544.vtk,8,0.9994986057281494
545,545.vtk,25,0.9999951124191284
546,546.vtk,62,0.9999980926513672
547,547.vtk,90,0.7722805142402649
548,548.vtk,56,0.9998831748962402
549,549.vtk,8,1.0
550,550.vtk,33,0.9999207258224487
551,551.vtk,96,1.0
552,552.vtk,70,1.0
553,553.vtk,71,0.8937917947769165
554,554.vtk,8,0.999998927116394
555,555.vtk,8,0.9982043504714966
556,556.vtk,8,0.9999747276306152
557,557.vtk,8,0.9805472493171692
558,558.vtk,70,1.0
559,559.vtk,52,0.9999947547912598
560,560.vtk,52,0.9098350405693054
561,561.vtk,92,1.0
562,562.vtk,90,0.6402378678321838
563,563.vtk,18,1.0
564,564.vtk,8,0.9994692206382751
565,565.vtk,8,0.9999998807907104
566,566.vtk,3,1.0
567,567.vtk,69,1.0
568,568.vtk,47,0.9999443292617798
569,569.vtk,40,0.9942330718040466
570,570.vtk,8,1.0
571,571.vtk,8,1.0
572,572.vtk,45,1.0
573,573.vtk,61,0.9364709258079529
574,574.vtk,56,1.0
575,575.vtk,6,0.9651755690574646
576,576.vtk,90,0.9999910593032837
577,577.vtk,21,0.9661545753479004
578,578.vtk,56,0.9999781847000122
579,579.vtk,8,0.9999386072158813
580,580.vtk,91,1.0
581,581.vtk,87,1.0
582,582.vtk,15,1.0
583,583.vtk,90,1.0
584,584.vtk,8,0.9999992847442627
585,585.vtk,54,1.0
586,586.vtk,8,1.0
587,587.vtk,30,1.0
588,588.vtk,61,0.9695308804512024
589,589.vtk,61,0.9953750967979431
590,590.vtk,74,1.0
591,591.vtk,70,1.0
592,592.vtk,14,1.0
593,593.vtk,8,0.9921895265579224
594,594.vtk,21,0.9254109859466553
595,595.vtk,90,0.9999998807907104
596,596.vtk,8,1.0
597,597.vtk,31,0.9988009929656982
598,598.vtk,8,1.0
599,599.vtk,8,1.0
600,600.vtk,86,0.9998869895935059
601,601.vtk,74,0.9999998807907104
602,602.vtk,90,1.0
603,603.vtk,92,1.0
604,604.vtk,52,0.7700754404067993
605,605.vtk,8,1.0
606,606.vtk,8,0.9562973976135254
607,607.vtk,8,0.9978516101837158
608,608.vtk,8,0.9993103742599487
609,609.vtk,0,1.0
610,610.vtk,37,1.0
611,611.vtk,25,0.999603807926178
612,612.vtk,8,1.0
613,613.vtk,16,1.0
614,614.vtk,8,1.0
615,615.vtk,45,1.0
616,616.vtk,33,1.0
617,617.vtk,17,1.0
618,618.vtk,54,1.0
619,619.vtk,66,0.9981769323348999
620,620.vtk,17,1.0
621,621.vtk,45,1.0
622,622.vtk,1,0.5728797316551208
623,623.vtk,8,1.0
624,624.vtk,8,1.0
625,625.vtk,37,0.8944670557975769
626,626.vtk,87,1.0
627,627.vtk,69,0.6031686067581177
628,628.vtk,70,1.0
629,629.vtk,71,0.949312686920166
630,630.vtk,8,1.0
631,631.vtk,86,1.0
632,632.vtk,8,0.9999996423721313
633,633.vtk,9,1.0
634,634.vtk,69,0.995559573173523
635,635.vtk,41,0.9999986886978149
636,636.vtk,14,0.744145393371582
637,637.vtk,34,0.9975156784057617
638,638.vtk,40,0.9999997615814209
639,639.vtk,60,0.9999957084655762
640,640.vtk,40,0.9979828596115112
641,641.vtk,14,1.0
642,642.vtk,14,0.999942421913147
643,643.vtk,90,0.9999994039535522
644,644.vtk,17,1.0
645,645.vtk,54,1.0
646,646.vtk,61,0.9997319579124451
647,647.vtk,8,0.9957512617111206
648,648.vtk,85,1.0
649,649.vtk,40,0.9999316930770874
650,650.vtk,37,1.0
651,651.vtk,70,0.9999998807907104
652,652.vtk,8,0.9999998807907104
653,653.vtk,40,0.9999816417694092
654,654.vtk,28,0.9922317266464233
655,655.vtk,8,0.513355016708374
656,656.vtk,61,0.9982174038887024
657,657.vtk,61,0.9758520722389221
658,658.vtk,7,1.0
659,659.vtk,8,0.9754727482795715
660,660.vtk,47,0.9999657869338989
661,661.vtk,16,1.0
662,662.vtk,86,0.999650239944458
663,663.vtk,0,1.0
664,664.vtk,79,0.998650848865509
665,665.vtk,86,0.8478760719299316
666,666.vtk,74,1.0
667,667.vtk,90,0.9996992349624634
668,668.vtk,8,0.9987176656723022
669,669.vtk,88,0.3082202970981598
670,670.vtk,45,1.0
671,671.vtk,69,0.9999966621398926
672,672.vtk,90,0.9999984502792358
673,673.vtk,22,0.8676532506942749
674,674.vtk,8,0.905917227268219
675,675.vtk,39,0.9991129040718079
676,676.vtk,8,0.99689120054245
677,677.vtk,8,0.9986030459403992
678,678.vtk,25,0.9999996423721313
679,679.vtk,8,1.0
680,680.vtk,8,0.8774374127388
681,681.vtk,85,0.9885030388832092
682,682.vtk,43,0.9996380805969238
683,683.vtk,53,1.0
684,684.vtk,8,0.997127115726471
685,685.vtk,71,1.0
686,686.vtk,90,0.9999886751174927
687,687.vtk,8,0.9953832030296326
688,688.vtk,56,0.661374568939209
689,689.vtk,51,0.9988466501235962
690,690.vtk,94,0.5952703952789307
691,691.vtk,53,0.9998737573623657
692,692.vtk,90,0.9999997615814209
693,693.vtk,8,0.9999949932098389
694,694.vtk,90,0.9999991655349731
695,695.vtk,8,0.9948973059654236
696,696.vtk,8,0.9989621639251709
697,697.vtk,11,0.9836830496788025
698,698.vtk,8,1.0
699,699.vtk,5,1.0
700,700.vtk,8,1.0
701,701.vtk,8,1.0
702,702.vtk,32,0.9999998807907104
703,703.vtk,14,0.9999583959579468
704,704.vtk,62,1.0
705,705.vtk,8,1.0
706,706.vtk,8,0.9999985694885254
707,707.vtk,43,0.9999998807907104
708,708.vtk,88,1.0
709,709.vtk,8,0.9997972846031189
710,710.vtk,45,1.0
711,711.vtk,8,1.0
712,712.vtk,67,0.9987615346908569
713,713.vtk,56,1.0
714,714.vtk,56,1.0
715,715.vtk,66,0.8150283098220825
716,716.vtk,47,0.9999165534973145
717,717.vtk,74,1.0
718,718.vtk,56,0.9973414540290833
719,719.vtk,14,0.9999321699142456
720,720.vtk,91,1.0
721,721.vtk,40,0.9999998807907104
722,722.vtk,8,1.0
723,723.vtk,74,1.0
724,724.vtk,62,1.0
725,725.vtk,61,0.9390097856521606
726,726.vtk,8,0.9998157620429993
727,727.vtk,8,1.0
728,728.vtk,14,1.0
729,729.vtk,81,1.0
730,730.vtk,88,0.7850764393806458
731,731.vtk,70,0.9999996423721313
732,732.vtk,92,1.0
733,733.vtk,69,1.0
734,734.vtk,8,0.9137997627258301
735,735.vtk,56,0.9090093374252319
736,736.vtk,14,1.0
737,737.vtk,51,1.0
738,738.vtk,90,0.9999997615814209
739,739.vtk,8,0.9995125532150269
740,740.vtk,14,0.9999769926071167
741,741.vtk,56,0.9999001026153564
742,742.vtk,56,0.6015834808349609
743,743.vtk,90,0.9995675683021545
744,744.vtk,70,1.0
745,745.vtk,8,1.0
746,746.vtk,61,0.9892555475234985
747,747.vtk,56,1.0
748,748.vtk,83,1.0
749,749.vtk,56,0.9997768998146057
750,750.vtk,52,1.0
751,751.vtk,54,1.0
752,752.vtk,75,1.0
753,753.vtk,21,0.9999982118606567
754,754.vtk,62,1.0
755,755.vtk,4,1.0
756,756.vtk,8,1.0
757,757.vtk,43,0.9906798005104065
758,758.vtk,14,0.9999942779541016
759,759.vtk,16,0.9999951124191284
760,760.vtk,56,0.9973984956741333
761,761.vtk,60,1.0
762,762.vtk,8,0.9999990463256836
763,763.vtk,83,1.0
764,764.vtk,14,0.9639145135879517
765,765.vtk,90,0.985322117805481
766,766.vtk,70,0.9996943473815918
767,767.vtk,8,1.0
768,768.vtk,21,1.0
769,769.vtk,70,0.9999994039535522
770,770.vtk,46,0.9994431138038635
771,771.vtk,64,0.9347327947616577
772,772.vtk,61,0.7502769231796265
773,773.vtk,8,0.8549603223800659
774,774.vtk,90,0.9917814135551453
775,775.vtk,18,1.0
776,776.vtk,53,1.0
777,777.vtk,8,0.6989471316337585
778,778.vtk,79,0.9345232844352722
779,779.vtk,25,0.9993311166763306
780,780.vtk,10,0.9999673366546631
781,781.vtk,90,0.9999998807907104
782,782.vtk,66,0.7944908738136292
783,783.vtk,62,1.0
784,784.vtk,45,1.0
785,785.vtk,75,1.0
786,786.vtk,15,1.0
787,787.vtk,79,0.9862861037254333
788,788.vtk,92,1.0
789,789.vtk,37,1.0
790,790.vtk,94,0.9825297594070435
791,791.vtk,70,0.6603085994720459
792,792.vtk,8,1.0
793,793.vtk,71,0.9164379239082336
794,794.vtk,69,0.9886653423309326
795,795.vtk,8,1.0
796,796.vtk,90,0.6699300408363342
797,797.vtk,0,1.0
798,798.vtk,90,0.8702836036682129
799,799.vtk,8,1.0
800,800.vtk,83,1.0
801,801.vtk,91,1.0
802,802.vtk,5,0.9978450536727905
803,803.vtk,92,0.9999029636383057
804,804.vtk,87,0.9999957084655762
805,805.vtk,86,0.9999967813491821
806,806.vtk,87,1.0
807,807.vtk,8,1.0
808,808.vtk,8,0.9999762773513794
809,809.vtk,8,1.0
810,810.vtk,90,0.6126843094825745
811,811.vtk,70,1.0
812,812.vtk,15,0.9990262985229492
813,813.vtk,19,0.9950655102729797
814,814.vtk,40,0.9830086827278137
815,815.vtk,8,0.9461329579353333
816,816.vtk,79,0.9999998807907104
817,817.vtk,5,1.0
818,818.vtk,8,0.9998387098312378
819,819.vtk,86,1.0
820,820.vtk,8,1.0
821,821.vtk,96,0.999798595905304
822,822.vtk,56,0.9994951486587524
823,823.vtk,8,1.0
824,824.vtk,86,0.9966995120048523
825,825.vtk,86,0.9963104128837585
826,826.vtk,46,1.0
827,827.vtk,17,0.8641957640647888
828,828.vtk,8,1.0
829,829.vtk,86,0.9999853372573853
830,830.vtk,8,1.0
831,831.vtk,8,0.992782711982727
832,832.vtk,0,1.0
833,833.vtk,61,0.7758350372314453
834,834.vtk,40,0.9999631643295288
835,835.vtk,90,0.9952752590179443
836,836.vtk,8,1.0
837,837.vtk,14,0.9999121427536011
838,838.vtk,25,1.0
839,839.vtk,74,1.0
840,840.vtk,71,1.0
841,841.vtk,0,1.0
842,842.vtk,6,0.9991900324821472
843,843.vtk,17,1.0
844,844.vtk,90,0.909365177154541
845,845.vtk,8,1.0
846,846.vtk,56,1.0
847,847.vtk,52,1.0
848,848.vtk,14,0.9991577863693237
849,849.vtk,28,0.9949914813041687
850,850.vtk,74,1.0
851,851.vtk,8,0.6267133951187134
852,852.vtk,93,0.9321497082710266
853,853.vtk,61,0.9390293955802917
854,854.vtk,85,0.8626253604888916
855,855.vtk,16,1.0
856,856.vtk,8,1.0
857,857.vtk,85,0.989992082118988
858,858.vtk,8,0.9865942001342773
859,859.vtk,88,0.9999998807907104
860,860.vtk,91,1.0
861,861.vtk,0,1.0
862,862.vtk,83,1.0
863,863.vtk,8,1.0
864,864.vtk,87,1.0
865,865.vtk,25,0.9685931205749512
866,866.vtk,8,0.9988823533058167
867,867.vtk,8,1.0
868,868.vtk,18,1.0
869,869.vtk,24,0.9999984502792358
870,870.vtk,43,0.9999997615814209
871,871.vtk,90,0.9999891519546509
872,872.vtk,56,0.9999998807907104
873,873.vtk,32,0.999988317489624
874,874.vtk,61,0.9940353631973267
875,875.vtk,92,1.0
876,876.vtk,3,0.9967408776283264
877,877.vtk,93,0.999982476234436
878,878.vtk,61,0.9998339414596558
879,879.vtk,45,1.0
880,880.vtk,56,0.9999949932098389
881,881.vtk,61,0.9983975291252136
882,882.vtk,56,1.0
883,883.vtk,8,0.9997997879981995
884,884.vtk,86,0.9999983310699463
885,885.vtk,52,1.0
886,886.vtk,60,0.988508403301239
887,887.vtk,56,1.0
888,888.vtk,32,1.0
889,889.vtk,8,0.9999066591262817
890,890.vtk,8,1.0
891,891.vtk,35,0.970268964767456
892,892.vtk,61,0.8357623219490051
893,893.vtk,88,0.9999891519546509
894,894.vtk,87,1.0
895,895.vtk,56,1.0
896,896.vtk,90,0.9975947737693787
897,897.vtk,90,0.9821244478225708
898,898.vtk,17,0.9999997615814209
899,899.vtk,8,0.9999978542327881
900,900.vtk,8,0.9999990463256836
901,901.vtk,8,1.0
902,902.vtk,62,1.0
903,903.vtk,45,1.0
904,904.vtk,8,0.9999998807907104
905,905.vtk,8,1.0
906,906.vtk,91,1.0
907,907.vtk,8,0.5406960844993591
908,908.vtk,21,1.0
909,909.vtk,18,0.9905300736427307
910,910.vtk,9,0.9302234649658203
911,911.vtk,7,0.9999220371246338
912,912.vtk,8,1.0
913,913.vtk,21,1.0
914,914.vtk,14,0.9999980926513672
915,915.vtk,70,0.9999933242797852
916,916.vtk,8,0.9999997615814209
917,917.vtk,7,0.9401489496231079
918,918.vtk,14,0.9997479319572449
919,919.vtk,56,0.9985659718513489
920,920.vtk,14,0.9968494772911072
921,921.vtk,34,0.9989246726036072
922,922.vtk,74,1.0
923,923.vtk,13,0.6920650601387024
924,924.vtk,8,1.0
925,925.vtk,45,0.9892460703849792
926,926.vtk,61,0.9108390212059021
927,927.vtk,8,1.0
928,928.vtk,55,0.9999502897262573
929,929.vtk,8,0.9999886751174927
930,930.vtk,56,0.9999203681945801
931,931.vtk,86,0.997882068157196
932,932.vtk,54,0.9945214986801147
933,933.vtk,92,0.9378471970558167
934,934.vtk,86,1.0
935,935.vtk,88,0.5947960615158081
936,936.vtk,14,0.8387250304222107
937,937.vtk,34,0.8879486322402954
938,938.vtk,70,0.7511365413665771
939,939.vtk,56,0.9999966621398926
940,940.vtk,45,1.0
941,941.vtk,88,1.0
942,942.vtk,8,0.9999816417694092
943,943.vtk,8,1.0
944,944.vtk,8,1.0
945,945.vtk,59,1.0
946,946.vtk,79,0.9999996423721313
947,947.vtk,33,1.0
948,948.vtk,7,1.0
949,949.vtk,37,1.0
950,950.vtk,47,0.9106314182281494
951,951.vtk,8,0.9994807839393616
952,952.vtk,56,0.9999992847442627
953,953.vtk,56,0.593808650970459
954,954.vtk,5,0.999992847442627
955,955.vtk,81,1.0
956,956.vtk,88,0.9999984502792358
957,957.vtk,81,0.9287664890289307
958,958.vtk,8,0.9999984502792358
959,959.vtk,90,0.9999681711196899
960,960.vtk,37,0.9999446868896484
961,961.vtk,8,1.0
962,962.vtk,18,1.0
963,963.vtk,25,1.0
964,964.vtk,74,1.0
965,965.vtk,51,1.0
966,966.vtk,8,1.0
967,967.vtk,90,1.0
968,968.vtk,16,1.0
969,969.vtk,86,0.9999834299087524
970,970.vtk,74,1.0
971,971.vtk,14,1.0
972,972.vtk,61,0.9915537238121033
973,973.vtk,83,1.0
974,974.vtk,8,0.9999971389770508
975,975.vtk,90,0.9999533891677856
976,976.vtk,25,1.0
977,977.vtk,67,1.0
978,978.vtk,28,0.998103141784668
979,979.vtk,70,1.0
980,980.vtk,62,1.0
981,981.vtk,70,0.8710042834281921
982,982.vtk,8,0.9944633841514587
983,983.vtk,54,1.0
984,984.vtk,8,0.9999825954437256
985,985.vtk,60,1.0
986,986.vtk,43,0.9999947547912598
987,987.vtk,86,0.9150772094726562
988,988.vtk,16,0.9934576153755188
989,989.vtk,5,1.0
990,990.vtk,86,0.9999772310256958
991,991.vtk,52,1.0
992,992.vtk,81,1.0
993,993.vtk,8,0.9997029900550842
994,994.vtk,90,0.999402642250061
995,995.vtk,93,0.9871668219566345
996,996.vtk,92,1.0
997,997.vtk,51,0.9999939203262329
998,998.vtk,61,0.9900680780410767
999,999.vtk,14,0.6489304900169373
1000,1000.vtk,14,0.9928634762763977
1001,1001.vtk,56,0.9999421834945679
1002,1002.vtk,14,0.9999936819076538
1003,1003.vtk,8,0.9999006986618042
1004,1004.vtk,81,1.0
1005,1005.vtk,90,1.0
1006,1006.vtk,8,0.9997820258140564
1007,1007.vtk,8,0.9999969005584717
1008,1008.vtk,79,0.9999467134475708
1009,1009.vtk,8,1.0
1010,1010.vtk,90,0.9981527924537659
1011,1011.vtk,90,0.9999949932098389
1012,1012.vtk,14,0.9999990463256836
1013,1013.vtk,93,0.7961630821228027
1014,1014.vtk,90,0.9999589920043945
1015,1015.vtk,56,0.9998611211776733
1016,1016.vtk,22,0.9852838516235352
1017,1017.vtk,45,0.9999990463256836
1018,1018.vtk,8,0.9999572038650513
1019,1019.vtk,93,0.9954736828804016
1020,1020.vtk,8,0.9999479055404663
1021,1021.vtk,16,1.0
1022,1022.vtk,37,0.9999984502792358
1023,1023.vtk,8,1.0
1024,1024.vtk,8,0.9999129772186279
1025,1025.vtk,40,0.9962353110313416
1026,1026.vtk,87,1.0
1027,1027.vtk,14,0.9999998807907104
1028,1028.vtk,28,0.9999998807907104
1029,1029.vtk,34,0.9145497679710388
1030,1030.vtk,86,0.9836192727088928
1031,1031.vtk,90,0.9782130122184753
1032,1032.vtk,8,1.0
1033,1033.vtk,8,0.9994920492172241
1034,1034.vtk,15,1.0
1035,1035.vtk,8,0.9999754428863525
1036,1036.vtk,34,0.9999997615814209
1037,1037.vtk,33,1.0
1038,1038.vtk,62,1.0
1039,1039.vtk,7,1.0
1040,1040.vtk,21,1.0
1041,1041.vtk,8,0.9999852180480957
1042,1042.vtk,45,0.9992480874061584
1043,1043.vtk,32,0.66544109582901
1044,1044.vtk,86,0.9999547004699707
1045,1045.vtk,22,0.9999985694885254
1046,1046.vtk,9,0.8142322897911072
1047,1047.vtk,90,0.9980630278587341
1048,1048.vtk,86,0.765183687210083
1049,1049.vtk,21,0.7840701341629028
1050,1050.vtk,56,0.9898993372917175
1051,1051.vtk,41,0.9996685981750488
1052,1052.vtk,70,0.9999990463256836
1053,1053.vtk,14,1.0
1054,1054.vtk,90,1.0
1055,1055.vtk,87,0.999998927116394
1056,1056.vtk,60,1.0
1057,1057.vtk,56,1.0
1058,1058.vtk,87,0.9999914169311523
1059,1059.vtk,90,1.0
1060,1060.vtk,8,0.9999997615814209
1061,1061.vtk,87,1.0
1062,1062.vtk,14,0.9999908208847046
1063,1063.vtk,75,1.0
1064,1064.vtk,45,0.48423901200294495
1065,1065.vtk,56,1.0
1066,1066.vtk,8,0.9999674558639526
1067,1067.vtk,8,0.9746922850608826
1068,1068.vtk,88,1.0
1069,1069.vtk,14,1.0
1070,1070.vtk,8,1.0
1071,1071.vtk,91,1.0
1072,1072.vtk,56,0.9999792575836182
1073,1073.vtk,96,1.0
1074,1074.vtk,8,0.8719354271888733
1075,1075.vtk,15,1.0
1076,1076.vtk,8,0.9998949766159058
1077,1077.vtk,8,0.9993211030960083
1078,1078.vtk,90,0.9999998807907104
1079,1079.vtk,90,0.7769906520843506
1080,1080.vtk,8,0.9999998807907104
1081,1081.vtk,90,0.9963453412055969
1082,1082.vtk,8,0.9994598031044006
1083,1083.vtk,56,1.0
1084,1084.vtk,96,1.0
1085,1085.vtk,8,0.9999980926513672
1086,1086.vtk,14,1.0
1087,1087.vtk,14,0.9999850988388062
1088,1088.vtk,14,0.8509586453437805
1089,1089.vtk,91,0.9999995231628418
1090,1090.vtk,15,1.0
1091,1091.vtk,90,0.9239458441734314
1092,1092.vtk,43,0.9999998807907104
1093,1093.vtk,16,0.9996528625488281
1094,1094.vtk,14,1.0
1095,1095.vtk,90,0.9982419013977051
1096,1096.vtk,8,0.9908460974693298
1097,1097.vtk,61,0.8025884628295898
1098,1098.vtk,8,1.0
1099,1099.vtk,8,0.9999955892562866
1100,1100.vtk,83,0.9999433755874634
1101,1101.vtk,7,1.0
1102,1102.vtk,54,1.0
1103,1103.vtk,25,0.980968713760376
1104,1104.vtk,8,1.0
1105,1105.vtk,8,0.6829162836074829
1106,1106.vtk,94,0.9999722242355347
1107,1107.vtk,88,0.9979706406593323
1108,1108.vtk,41,0.9933897256851196
1109,1109.vtk,8,0.9999998807907104
1110,1110.vtk,69,0.9999833106994629
1111,1111.vtk,21,0.9999643564224243
1112,1112.vtk,29,0.9974201917648315
1113,1113.vtk,25,0.9995023012161255
1114,1114.vtk,52,1.0
1115,1115.vtk,23,1.0
1116,1116.vtk,15,1.0
1117,1117.vtk,90,0.9999630451202393
1118,1118.vtk,14,0.9873197078704834
1119,1119.vtk,21,0.9999833106994629
1120,1120.vtk,56,0.9999843835830688
1121,1121.vtk,34,0.9472376704216003
1122,1122.vtk,90,0.9996484518051147
1123,1123.vtk,90,0.6589217782020569
1124,1124.vtk,5,1.0
1125,1125.vtk,8,0.9999997615814209
1126,1126.vtk,9,0.9188254475593567
1127,1127.vtk,14,0.9999561309814453
1128,1128.vtk,18,1.0
1129,1129.vtk,90,0.9977377653121948
1130,1130.vtk,60,1.0
1131,1131.vtk,7,0.999998927116394
1132,1132.vtk,61,0.9999088048934937
1133,1133.vtk,14,0.9999991655349731
1134,1134.vtk,50,0.9664269089698792
1135,1135.vtk,56,0.9999998807907104
1136,1136.vtk,8,1.0
1137,1137.vtk,33,1.0
1138,1138.vtk,21,0.9999997615814209
1139,1139.vtk,79,1.0
1140,1140.vtk,56,0.9999463558197021
1141,1141.vtk,8,0.991521954536438
1142,1142.vtk,9,0.9999997615814209
1143,1143.vtk,8,0.999994158744812
1144,1144.vtk,9,1.0
1145,1145.vtk,90,0.999915361404419
1146,1146.vtk,11,0.9999916553497314
1147,1147.vtk,8,1.0
1148,1148.vtk,70,1.0
1149,1149.vtk,74,0.9999990463256836
1150,1150.vtk,8,1.0
1151,1151.vtk,12,0.9999991655349731
1152,1152.vtk,8,0.9999974966049194
1153,1153.vtk,79,0.9965393543243408
1154,1154.vtk,21,1.0
1155,1155.vtk,80,0.4916751980781555
1156,1156.vtk,8,0.7740392684936523
1157,1157.vtk,8,1.0
1158,1158.vtk,90,1.0
1159,1159.vtk,8,0.9900681972503662
1160,1160.vtk,56,0.9997307658195496
1161,1161.vtk,46,1.0
1162,1162.vtk,8,1.0
1163,1163.vtk,56,1.0
1164,1164.vtk,14,0.9940898418426514
1165,1165.vtk,45,1.0
1166,1166.vtk,56,0.9971924424171448
1167,1167.vtk,45,0.9999926090240479
1168,1168.vtk,8,0.9999890327453613
1169,1169.vtk,19,1.0
1170,1170.vtk,45,0.9996880292892456
1171,1171.vtk,34,1.0
1172,1172.vtk,8,0.9999579191207886
1173,1173.vtk,91,1.0
1174,1174.vtk,96,0.9999994039535522
1175,1175.vtk,5,1.0
1176,1176.vtk,33,0.8217003345489502
1177,1177.vtk,14,0.7508014440536499
1178,1178.vtk,14,1.0
1179,1179.vtk,33,1.0
1180,1180.vtk,29,1.0
1181,1181.vtk,80,0.9998451471328735
1182,1182.vtk,43,0.9999005794525146
1183,1183.vtk,60,0.9999992847442627
1184,1184.vtk,38,0.9164502024650574
1185,1185.vtk,18,1.0
1186,1186.vtk,56,0.9990070462226868
1187,1187.vtk,8,0.9999994039535522
1188,1188.vtk,56,0.7819890975952148
1189,1189.vtk,8,0.9999957084655762
1190,1190.vtk,61,0.9998712539672852
1191,1191.vtk,5,1.0
1192,1192.vtk,27,0.9999982118606567
1193,1193.vtk,8,0.9997779726982117
1194,1194.vtk,41,0.9996625185012817
1195,1195.vtk,56,1.0
1196,1196.vtk,80,0.999994158744812
1197,1197.vtk,65,1.0
1198,1198.vtk,8,1.0
1199,1199.vtk,8,1.0
1200,1200.vtk,90,1.0
1201,1201.vtk,8,0.999977707862854
1202,1202.vtk,45,0.9992784857749939
1203,1203.vtk,16,1.0
1204,1204.vtk,59,1.0
1205,1205.vtk,14,0.9997809529304504
1206,1206.vtk,83,1.0
1207,1207.vtk,61,0.6017069220542908
1208,1208.vtk,40,0.9999942779541016
1209,1209.vtk,45,0.9999241828918457
1210,1210.vtk,8,1.0
1211,1211.vtk,15,1.0
1212,1212.vtk,34,1.0
1213,1213.vtk,56,0.9999970197677612
1214,1214.vtk,74,1.0
1215,1215.vtk,64,0.9998331069946289
1216,1216.vtk,8,1.0
1217,1217.vtk,75,1.0
1218,1218.vtk,8,0.9677734375
1219,1219.vtk,56,0.9999998807907104
1220,1220.vtk,90,0.5687929391860962
1221,1221.vtk,70,1.0
1222,1222.vtk,90,0.9994198083877563
1223,1223.vtk,8,0.9999997615814209
1224,1224.vtk,22,1.0
1225,1225.vtk,88,1.0
1226,1226.vtk,34,0.999739944934845
1227,1227.vtk,37,1.0
1228,1228.vtk,25,1.0
1229,1229.vtk,86,0.954446017742157
1230,1230.vtk,8,1.0
1231,1231.vtk,8,0.9999980926513672
1232,1232.vtk,14,0.9999873638153076
1233,1233.vtk,92,0.9999847412109375
1234,1234.vtk,21,0.9999954700469971
1235,1235.vtk,87,1.0
1236,1236.vtk,90,0.9999557733535767
1237,1237.vtk,90,0.869299054145813
1238,1238.vtk,52,1.0
1239,1239.vtk,79,0.9955776929855347
1240,1240.vtk,56,0.9407957196235657
1241,1241.vtk,62,1.0
1242,1242.vtk,71,0.9997958540916443
1243,1243.vtk,8,1.0
1244,1244.vtk,90,1.0
1245,1245.vtk,21,1.0
1246,1246.vtk,86,0.9999998807907104
1247,1247.vtk,14,0.9999997615814209
1248,1248.vtk,62,1.0
1249,1249.vtk,71,1.0
1250,1250.vtk,90,0.9999997615814209
1251,1251.vtk,70,1.0
1252,1252.vtk,8,0.9990023970603943
1253,1253.vtk,90,0.999981164932251
1254,1254.vtk,8,1.0
1255,1255.vtk,41,0.9999995231628418
1256,1256.vtk,56,0.9472129940986633
1257,1257.vtk,61,0.9894443154335022
1258,1258.vtk,8,1.0
1259,1259.vtk,0,1.0
1260,1260.vtk,90,0.9999977350234985
1261,1261.vtk,96,1.0
1262,1262.vtk,81,0.9999933242797852
1263,1263.vtk,62,1.0
1264,1264.vtk,5,1.0
1265,1265.vtk,43,0.9286777973175049
1266,1266.vtk,61,0.3731260597705841
1267,1267.vtk,70,0.9999734163284302
1268,1268.vtk,8,0.9999988079071045
1269,1269.vtk,8,1.0
1270,1270.vtk,61,0.6500155329704285
1271,1271.vtk,52,1.0
1272,1272.vtk,56,0.9984466433525085
1273,1273.vtk,18,1.0
1274,1274.vtk,8,0.9999797344207764
1275,1275.vtk,90,0.9967401623725891
1276,1276.vtk,8,0.9999998807907104
1277,1277.vtk,81,0.4655397832393646
1278,1278.vtk,8,1.0
1279,1279.vtk,90,0.9999992847442627
1280,1280.vtk,17,1.0
1281,1281.vtk,66,1.0
1282,1282.vtk,92,1.0
1283,1283.vtk,0,0.9829702377319336
1284,1284.vtk,86,0.9980315566062927
1285,1285.vtk,8,0.9951034784317017
1286,1286.vtk,45,1.0
1287,1287.vtk,79,0.9999998807907104
1288,1288.vtk,90,0.9999995231628418
1289,1289.vtk,8,1.0
1290,1290.vtk,90,0.9999064207077026
1291,1291.vtk,66,0.9990818500518799
1292,1292.vtk,8,1.0
1293,1293.vtk,61,0.9999998807907104
1294,1294.vtk,56,0.999931812286377
1295,1295.vtk,87,0.9988631010055542
1296,1296.vtk,8,0.99993896484375
1297,1297.vtk,5,1.0
1298,1298.vtk,83,1.0
1299,1299.vtk,8,0.9976606369018555
1300,1300.vtk,85,1.0
1301,1301.vtk,56,1.0
1302,1302.vtk,51,1.0
1303,1303.vtk,17,1.0
1304,1304.vtk,59,1.0
1305,1305.vtk,87,1.0
1306,1306.vtk,8,0.9536387324333191
1307,1307.vtk,0,1.0
1308,1308.vtk,91,0.9999693632125854
1309,1309.vtk,59,1.0
1310,1310.vtk,14,0.9970154762268066
1311,1311.vtk,16,1.0
1312,1312.vtk,8,0.9859353303909302
1313,1313.vtk,52,0.9999998807907104
1314,1314.vtk,92,0.9665764570236206
1315,1315.vtk,8,1.0
1316,1316.vtk,55,1.0
1317,1317.vtk,8,0.9999994039535522
1318,1318.vtk,37,1.0
1319,1319.vtk,71,0.9999992847442627
1320,1320.vtk,86,0.9999998807907104
1321,1321.vtk,52,0.999953031539917
1322,1322.vtk,56,0.9999998807907104
1323,1323.vtk,90,1.0
1324,1324.vtk,64,0.8738178610801697
1325,1325.vtk,56,0.5598756074905396
1326,1326.vtk,64,0.5395998954772949
1327,1327.vtk,83,1.0
1328,1328.vtk,87,1.0
1329,1329.vtk,56,0.9983774423599243
1330,1330.vtk,69,0.6262410879135132
1331,1331.vtk,8,0.9999815225601196
1332,1332.vtk,4,1.0
1333,1333.vtk,79,1.0
1334,1334.vtk,8,0.99904865026474
1335,1335.vtk,6,1.0
1336,1336.vtk,74,1.0
1337,1337.vtk,56,0.9996737241744995
1338,1338.vtk,84,0.9985432624816895
1339,1339.vtk,66,0.9999626874923706
1340,1340.vtk,8,1.0
1341,1341.vtk,90,0.9931463003158569
1342,1342.vtk,33,0.9999985694885254
1343,1343.vtk,61,0.9890965819358826
1344,1344.vtk,90,0.9999998807907104
1345,1345.vtk,8,0.999927282333374
1346,1346.vtk,83,1.0
1347,1347.vtk,8,0.9999467134475708
1348,1348.vtk,81,1.0
1349,1349.vtk,45,1.0
1350,1350.vtk,88,1.0
1351,1351.vtk,51,0.9993637204170227
1352,1352.vtk,56,0.9999988079071045
1353,1353.vtk,62,0.9999974966049194
1354,1354.vtk,56,0.9999902248382568
1355,1355.vtk,8,0.9999996423721313
1356,1356.vtk,62,1.0
1357,1357.vtk,86,0.9949941039085388
1358,1358.vtk,60,1.0
1359,1359.vtk,56,1.0
1360,1360.vtk,8,1.0
1361,1361.vtk,90,0.9999988079071045
1362,1362.vtk,8,0.8559950590133667
1363,1363.vtk,8,1.0
1364,1364.vtk,8,1.0
1365,1365.vtk,5,1.0
1366,1366.vtk,90,0.8278515338897705
1367,1367.vtk,17,1.0
1368,1368.vtk,81,0.9222546815872192
1369,1369.vtk,5,1.0
1370,1370.vtk,8,1.0
1371,1371.vtk,74,1.0
1372,1372.vtk,74,0.8748704791069031
1373,1373.vtk,43,1.0
1374,1374.vtk,32,0.9531323313713074
1375,1375.vtk,28,0.9999992847442627
1376,1376.vtk,46,1.0
1377,1377.vtk,5,1.0
1378,1378.vtk,15,1.0
1379,1379.vtk,8,1.0
1380,1380.vtk,16,1.0
1381,1381.vtk,41,0.9999992847442627
1382,1382.vtk,8,0.9999967813491821
1383,1383.vtk,49,0.9999918937683105
1384,1384.vtk,38,0.9999959468841553
1385,1385.vtk,56,0.810932993888855
1386,1386.vtk,56,1.0
1387,1387.vtk,90,0.9999911785125732
1388,1388.vtk,17,1.0
1389,1389.vtk,56,0.5557311177253723
1390,1390.vtk,8,0.9401129484176636
1391,1391.vtk,14,0.9999998807907104
1392,1392.vtk,41,0.9999057054519653
1393,1393.vtk,62,1.0
1394,1394.vtk,38,1.0
1395,1395.vtk,56,1.0
1396,1396.vtk,8,0.9999822378158569
1397,1397.vtk,8,0.9851878881454468
1398,1398.vtk,90,0.999997615814209
1399,1399.vtk,85,0.9910956621170044
1400,1400.vtk,9,0.9343006610870361
1401,1401.vtk,8,1.0
1402,1402.vtk,90,0.5779829621315002
1403,1403.vtk,61,0.6136869788169861
1404,1404.vtk,71,1.0
1405,1405.vtk,56,0.9997462630271912
1406,1406.vtk,8,0.9994564652442932
1407,1407.vtk,74,1.0
1408,1408.vtk,67,0.40026551485061646
1409,1409.vtk,56,0.9999926090240479
1410,1410.vtk,90,0.9986670017242432
1411,1411.vtk,8,1.0
1412,1412.vtk,86,0.98111891746521
1413,1413.vtk,83,0.9702947735786438
1414,1414.vtk,22,0.9870010614395142
1415,1415.vtk,91,1.0
1416,1416.vtk,88,0.9999998807907104
1417,1417.vtk,69,0.8216449618339539
1418,1418.vtk,56,0.9545037746429443
1419,1419.vtk,56,0.971682071685791
1420,1420.vtk,5,1.0
1421,1421.vtk,8,1.0
1422,1422.vtk,90,0.8727165460586548
1423,1423.vtk,51,1.0
1424,1424.vtk,74,0.9282727837562561
1425,1425.vtk,8,0.9999998807907104
1426,1426.vtk,46,1.0
1427,1427.vtk,8,0.9999804496765137
1428,1428.vtk,92,1.0
1429,1429.vtk,56,0.9662833213806152
1430,1430.vtk,8,0.9999896287918091
1431,1431.vtk,60,0.9998949766159058
1432,1432.vtk,8,1.0
1433,1433.vtk,90,0.9999995231628418
1434,1434.vtk,14,0.9956041574478149
1435,1435.vtk,14,1.0
1436,1436.vtk,34,1.0
1437,1437.vtk,79,0.9999998807907104
1438,1438.vtk,56,1.0
1439,1439.vtk,79,0.9504736661911011
1440,1440.vtk,90,0.9824805855751038
1441,1441.vtk,14,0.9999399185180664
1442,1442.vtk,8,1.0
1443,1443.vtk,70,1.0
1444,1444.vtk,90,1.0
1445,1445.vtk,33,0.9944363832473755
1446,1446.vtk,86,0.9999850988388062
1447,1447.vtk,17,1.0
1448,1448.vtk,8,0.9999815225601196
1449,1449.vtk,14,0.7746859192848206
1450,1450.vtk,45,0.9917035102844238
1451,1451.vtk,16,0.9999995231628418
1452,1452.vtk,8,0.998619556427002
1453,1453.vtk,61,0.9957096576690674
1454,1454.vtk,8,1.0
1455,1455.vtk,90,0.5836965441703796
1456,1456.vtk,93,0.9999988079071045
1457,1457.vtk,91,0.9996209144592285
1458,1458.vtk,34,0.999998927116394
1459,1459.vtk,93,0.9999998807907104
1460,1460.vtk,41,0.9999991655349731
1461,1461.vtk,90,0.9999966621398926
1462,1462.vtk,88,1.0
1463,1463.vtk,8,0.999991774559021
1464,1464.vtk,8,0.9945657253265381
1465,1465.vtk,69,1.0
1466,1466.vtk,61,0.9954428672790527
1467,1467.vtk,14,0.9999831914901733
1468,1468.vtk,14,0.9964683055877686
1469,1469.vtk,74,1.0
1470,1470.vtk,2,1.0
1471,1471.vtk,74,1.0
1472,1472.vtk,18,1.0
1473,1473.vtk,86,0.9951515197753906
1474,1474.vtk,61,1.0
1475,1475.vtk,61,0.9999998807907104
1476,1476.vtk,94,1.0
1477,1477.vtk,8,1.0
1478,1478.vtk,74,1.0
1479,1479.vtk,90,0.9999535083770752
1480,1480.vtk,8,1.0
1481,1481.vtk,8,1.0
1482,1482.vtk,90,0.999398946762085
1483,1483.vtk,56,1.0
1484,1484.vtk,57,0.698253870010376
1485,1485.vtk,25,1.0
1486,1486.vtk,37,1.0
1487,1487.vtk,8,0.987083911895752
1488,1488.vtk,8,1.0
1489,1489.vtk,90,0.5183327794075012
1490,1490.vtk,48,1.0
1491,1491.vtk,56,0.9999966621398926
1492,1492.vtk,90,0.7883375883102417
1493,1493.vtk,90,0.9998483657836914
1494,1494.vtk,90,0.9964744448661804
1495,1495.vtk,6,0.9407342076301575
1496,1496.vtk,56,0.6303654313087463
1497,1497.vtk,92,1.0
1498,1498.vtk,8,0.9999855756759644
1499,1499.vtk,8,1.0
1500,1500.vtk,7,1.0
1501,1501.vtk,69,1.0
1502,1502.vtk,8,0.999722421169281
1503,1503.vtk,37,1.0
1504,1504.vtk,90,0.9948688745498657
1505,1505.vtk,8,1.0
1506,1506.vtk,11,0.9999994039535522
1507,1507.vtk,94,1.0
1508,1508.vtk,90,0.998319685459137
1509,1509.vtk,8,1.0
1510,1510.vtk,18,1.0
1511,1511.vtk,69,1.0
1512,1512.vtk,8,0.9510707855224609
1513,1513.vtk,8,1.0
1514,1514.vtk,8,1.0
1515,1515.vtk,56,1.0
1516,1516.vtk,62,0.7384530305862427
1517,1517.vtk,94,0.5859842896461487
1518,1518.vtk,8,0.9999983310699463
1519,1519.vtk,93,1.0
1520,1520.vtk,8,1.0
1521,1521.vtk,28,0.9999970197677612
1522,1522.vtk,37,1.0
1523,1523.vtk,90,0.9999998807907104
1524,1524.vtk,41,0.9998384714126587
1525,1525.vtk,80,0.5063568353652954
1526,1526.vtk,8,0.9766812920570374
1527,1527.vtk,43,1.0
1528,1528.vtk,46,0.974175214767456
1529,1529.vtk,14,0.6925298571586609
1530,1530.vtk,62,1.0
1531,1531.vtk,8,1.0
1532,1532.vtk,8,0.9973293542861938
1533,1533.vtk,48,0.9475069642066956
1534,1534.vtk,8,1.0
1535,1535.vtk,61,0.59932941198349
1536,1536.vtk,83,0.9919729232788086
1537,1537.vtk,14,0.9991833567619324
1538,1538.vtk,8,1.0
1539,1539.vtk,40,1.0
1540,1540.vtk,8,1.0
1541,1541.vtk,79,1.0
1542,1542.vtk,14,1.0
1543,1543.vtk,67,1.0
1544,1544.vtk,54,0.9998162388801575
1545,1545.vtk,87,1.0
1546,1546.vtk,91,1.0
1547,1547.vtk,8,1.0
1548,1548.vtk,92,1.0
1549,1549.vtk,49,1.0
1550,1550.vtk,49,1.0
1551,1551.vtk,4,0.9999598264694214
1552,1552.vtk,8,0.9999754428863525
1553,1553.vtk,56,1.0
1554,1554.vtk,38,1.0
1555,1555.vtk,90,0.9998968839645386
1556,1556.vtk,85,0.9999982118606567
1557,1557.vtk,71,1.0
1558,1558.vtk,43,0.9999998807907104
1559,1559.vtk,90,0.9999301433563232
1560,1560.vtk,71,1.0
1561,1561.vtk,8,0.9983383417129517
1562,1562.vtk,61,0.9110352993011475
1563,1563.vtk,88,0.9999997615814209
1564,1564.vtk,47,0.9999996423721313
1565,1565.vtk,90,0.7194920778274536
1566,1566.vtk,83,1.0
1567,1567.vtk,8,0.9990226030349731
1568,1568.vtk,83,1.0
1569,1569.vtk,8,1.0
1570,1570.vtk,8,0.9999427795410156
1571,1571.vtk,49,0.9999995231628418
1572,1572.vtk,86,1.0
1573,1573.vtk,62,0.9990960359573364
1574,1574.vtk,8,1.0
1575,1575.vtk,8,0.9999943971633911
1576,1576.vtk,9,0.8741360306739807
1577,1577.vtk,65,1.0
1578,1578.vtk,74,1.0
1579,1579.vtk,86,0.9999924898147583
1580,1580.vtk,62,1.0
1581,1581.vtk,8,0.9999998807907104
1582,1582.vtk,41,0.9999079704284668
1583,1583.vtk,8,0.9999997615814209
1584,1584.vtk,0,1.0
1585,1585.vtk,8,0.9999942779541016
1586,1586.vtk,8,1.0
1587,1587.vtk,33,1.0
1588,1588.vtk,90,0.9996823072433472
1589,1589.vtk,8,0.9999955892562866
1590,1590.vtk,16,1.0
1591,1591.vtk,7,0.9999657869338989
1592,1592.vtk,71,0.9999845027923584
1593,1593.vtk,5,1.0
1594,1594.vtk,37,1.0
1595,1595.vtk,8,0.9999923706054688
1596,1596.vtk,17,0.9999994039535522
1597,1597.vtk,87,1.0
1598,1598.vtk,18,1.0
1599,1599.vtk,37,1.0
1600,1600.vtk,24,0.9997519850730896
1601,1601.vtk,8,1.0
1602,1602.vtk,14,0.9213200211524963
1603,1603.vtk,8,0.9999992847442627
1604,1604.vtk,86,0.8265576362609863
1605,1605.vtk,86,1.0
1606,1606.vtk,17,1.0
1607,1607.vtk,36,0.991718053817749
1608,1608.vtk,70,0.9299308061599731
1609,1609.vtk,14,0.9435352683067322
1610,1610.vtk,45,0.9999966621398926
1611,1611.vtk,96,0.9999998807907104
1612,1612.vtk,56,0.9999161958694458
1613,1613.vtk,90,0.9642457365989685
1614,1614.vtk,86,0.5725006461143494
1615,1615.vtk,90,0.7875178456306458
1616,1616.vtk,74,1.0
1617,1617.vtk,74,1.0
1618,1618.vtk,61,0.9999991655349731
1619,1619.vtk,92,1.0
1620,1620.vtk,48,0.7820429801940918
1621,1621.vtk,8,1.0
1622,1622.vtk,25,0.9999998807907104
1623,1623.vtk,33,1.0
1624,1624.vtk,86,0.9673895239830017
1625,1625.vtk,20,1.0
1626,1626.vtk,14,0.9999923706054688
1627,1627.vtk,8,0.9906931519508362
1628,1628.vtk,18,1.0
1629,1629.vtk,22,0.9946818947792053
1630,1630.vtk,92,1.0
1631,1631.vtk,8,0.9999992847442627
1632,1632.vtk,71,1.0
1633,1633.vtk,8,1.0
1634,1634.vtk,2,1.0
1635,1635.vtk,86,0.9999997615814209
1636,1636.vtk,70,0.9999991655349731
1637,1637.vtk,54,1.0
1638,1638.vtk,8,0.9998908042907715
1639,1639.vtk,90,0.9998409748077393
1640,1640.vtk,67,0.999897837638855
1641,1641.vtk,17,1.0
1642,1642.vtk,8,1.0
1643,1643.vtk,90,0.9999679327011108
1644,1644.vtk,90,1.0
1645,1645.vtk,19,0.9999616146087646
1646,1646.vtk,66,0.9876435995101929
1647,1647.vtk,8,0.9500116109848022
1648,1648.vtk,34,0.47309520840644836
1649,1649.vtk,90,0.9895500540733337
1650,1650.vtk,25,1.0
1651,1651.vtk,5,1.0
1652,1652.vtk,45,1.0
1653,1653.vtk,54,1.0
1654,1654.vtk,14,0.9773101806640625
1655,1655.vtk,56,1.0
1656,1656.vtk,8,0.9924728870391846
1657,1657.vtk,93,0.9997757077217102
1658,1658.vtk,61,1.0
1659,1659.vtk,8,0.9909132719039917
1660,1660.vtk,41,0.9950703382492065
1661,1661.vtk,21,0.9999997615814209
1662,1662.vtk,56,1.0
1663,1663.vtk,69,1.0
1664,1664.vtk,56,0.9996504783630371
1665,1665.vtk,16,1.0
1666,1666.vtk,75,1.0
1667,1667.vtk,45,1.0
1668,1668.vtk,8,1.0
1669,1669.vtk,8,0.9999997615814209
1670,1670.vtk,90,0.9733616709709167
1671,1671.vtk,8,1.0
1672,1672.vtk,8,0.9998663663864136
1673,1673.vtk,22,0.7335294485092163
1674,1674.vtk,22,0.997668445110321
1675,1675.vtk,89,0.9790209531784058
1676,1676.vtk,55,1.0
1677,1677.vtk,86,1.0
1678,1678.vtk,90,1.0
1679,1679.vtk,91,1.0
1680,1680.vtk,17,0.9999985694885254
1681,1681.vtk,33,1.0
1682,1682.vtk,3,0.599118709564209
1683,1683.vtk,11,0.9995751976966858
1684,1684.vtk,15,1.0
1685,1685.vtk,75,0.9999994039535522
1686,1686.vtk,19,0.9999998807907104
1687,1687.vtk,14,0.9987233281135559
1688,1688.vtk,21,0.9685109257698059
1689,1689.vtk,40,1.0
1690,1690.vtk,90,0.9955102205276489
1691,1691.vtk,14,1.0
1692,1692.vtk,45,1.0
1693,1693.vtk,91,0.9999532699584961
1694,1694.vtk,8,1.0
1695,1695.vtk,0,1.0
1696,1696.vtk,35,0.6420652866363525
1697,1697.vtk,14,1.0
1698,1698.vtk,25,0.9336780309677124
1699,1699.vtk,56,1.0
1700,1700.vtk,88,0.7040548324584961
1701,1701.vtk,34,0.9824641346931458
1702,1702.vtk,55,0.9999808073043823
1703,1703.vtk,8,1.0
1704,1704.vtk,62,1.0
1705,1705.vtk,14,0.9997801184654236
1706,1706.vtk,90,0.7470051050186157
1707,1707.vtk,90,0.9857231974601746
1708,1708.vtk,8,1.0
1709,1709.vtk,32,0.5684223175048828
1710,1710.vtk,85,1.0
1711,1711.vtk,62,0.9484812617301941
1712,1712.vtk,87,1.0
1713,1713.vtk,74,1.0
1714,1714.vtk,94,0.9999692440032959
1715,1715.vtk,33,1.0
1716,1716.vtk,8,1.0
1717,1717.vtk,41,0.9690519571304321
1718,1718.vtk,90,0.9958645105361938
1719,1719.vtk,83,1.0
1720,1720.vtk,8,1.0
1721,1721.vtk,62,1.0
1722,1722.vtk,8,1.0
1723,1723.vtk,92,1.0
1724,1724.vtk,33,1.0
1725,1725.vtk,93,0.9999991655349731
1726,1726.vtk,9,0.9999511241912842
1727,1727.vtk,8,0.9999969005584717
1728,1728.vtk,19,0.9999997615814209
1729,1729.vtk,86,0.9999691247940063
1730,1730.vtk,37,1.0
1731,1731.vtk,32,1.0
1732,1732.vtk,53,0.9999998807907104
1733,1733.vtk,62,0.9997671246528625
1734,1734.vtk,84,0.9999957084655762
1735,1735.vtk,69,0.9529049396514893
1736,1736.vtk,18,1.0
1737,1737.vtk,75,1.0
1738,1738.vtk,7,1.0
1739,1739.vtk,86,0.5228973031044006
1740,1740.vtk,25,0.6796032786369324
1741,1741.vtk,79,0.9995574355125427
1742,1742.vtk,94,0.9864627718925476
1743,1743.vtk,92,1.0
1744,1744.vtk,8,1.0
1745,1745.vtk,85,0.9999520778656006
1746,1746.vtk,43,0.5313904285430908
1747,1747.vtk,8,0.9999780654907227
1748,1748.vtk,34,0.9237597584724426
1749,1749.vtk,52,1.0
1750,1750.vtk,90,0.9999599456787109
1751,1751.vtk,14,1.0
1752,1752.vtk,39,0.596039354801178
1753,1753.vtk,70,1.0
1754,1754.vtk,33,0.9999997615814209
1755,1755.vtk,61,0.9997791647911072
1756,1756.vtk,14,1.0
1757,1757.vtk,8,1.0
1758,1758.vtk,8,0.9999998807907104
1759,1759.vtk,8,0.9999997615814209
1760,1760.vtk,45,0.9998522996902466
1761,1761.vtk,92,1.0
1762,1762.vtk,61,0.9999998807907104
1763,1763.vtk,71,0.863326370716095
1764,1764.vtk,14,1.0
1765,1765.vtk,62,0.8780409097671509
1766,1766.vtk,9,1.0
1767,1767.vtk,92,1.0
1768,1768.vtk,90,1.0
1769,1769.vtk,5,1.0
1770,1770.vtk,94,1.0
1771,1771.vtk,8,0.9997161030769348
1772,1772.vtk,25,1.0
1773,1773.vtk,86,0.9999494552612305
1774,1774.vtk,91,1.0
1775,1775.vtk,32,1.0
1776,1776.vtk,54,1.0
1777,1777.vtk,80,0.5603898763656616
1778,1778.vtk,86,1.0
1779,1779.vtk,8,1.0
1780,1780.vtk,8,0.5895283222198486
1781,1781.vtk,22,1.0
1782,1782.vtk,8,0.9991631507873535
1783,1783.vtk,8,0.9561367034912109
1784,1784.vtk,81,0.9999799728393555
1785,1785.vtk,31,0.9999992847442627
1786,1786.vtk,8,1.0
1787,1787.vtk,90,1.0
1788,1788.vtk,9,0.9410854578018188
1789,1789.vtk,8,0.9999990463256836
1790,1790.vtk,87,0.9999998807907104
1791,1791.vtk,40,0.9648879170417786
1792,1792.vtk,25,0.9961599111557007
1793,1793.vtk,37,1.0
1794,1794.vtk,56,1.0
1795,1795.vtk,51,1.0
1796,1796.vtk,8,1.0
1797,1797.vtk,8,0.9999921321868896
1798,1798.vtk,91,0.9998762607574463
1799,1799.vtk,8,0.9991835951805115
1800,1800.vtk,54,1.0
1801,1801.vtk,90,1.0
1802,1802.vtk,8,1.0
1803,1803.vtk,45,1.0
1804,1804.vtk,54,1.0
1805,1805.vtk,45,1.0
1806,1806.vtk,14,0.9999265670776367
1807,1807.vtk,8,0.9999994039535522
1808,1808.vtk,60,0.999860405921936
1809,1809.vtk,45,1.0
1810,1810.vtk,54,1.0
1811,1811.vtk,53,1.0
1812,1812.vtk,81,1.0
1813,1813.vtk,8,1.0
1814,1814.vtk,8,0.9974602460861206
1815,1815.vtk,11,1.0
1816,1816.vtk,39,0.9741393327713013
1817,1817.vtk,16,0.9972858428955078
1818,1818.vtk,76,0.9999455213546753
1819,1819.vtk,17,1.0
1820,1820.vtk,15,1.0
1821,1821.vtk,8,1.0
1822,1822.vtk,8,1.0
1823,1823.vtk,33,0.9999980926513672
1824,1824.vtk,8,1.0
1825,1825.vtk,5,1.0
1826,1826.vtk,8,0.9995250701904297
1827,1827.vtk,75,0.9999998807907104
1828,1828.vtk,70,0.9285379648208618
1829,1829.vtk,22,0.9989508390426636
1830,1830.vtk,21,0.9999998807907104
1831,1831.vtk,86,0.9997286200523376
1832,1832.vtk,8,1.0
1833,1833.vtk,8,1.0
1834,1834.vtk,5,1.0
1835,1835.vtk,90,1.0
1836,1836.vtk,5,1.0
1837,1837.vtk,37,1.0
1838,1838.vtk,43,0.9993372559547424
1839,1839.vtk,85,0.5684714317321777
1840,1840.vtk,90,0.9999704360961914
1841,1841.vtk,90,0.9836281538009644
1842,1842.vtk,8,0.9972405433654785
1843,1843.vtk,8,0.9999982118606567
1844,1844.vtk,8,0.9984391331672668
1845,1845.vtk,83,1.0
1846,1846.vtk,8,0.9867274165153503
1847,1847.vtk,8,0.9999812841415405
1848,1848.vtk,8,0.9999895095825195
1849,1849.vtk,56,1.0
1850,1850.vtk,87,1.0
1851,1851.vtk,32,1.0
1852,1852.vtk,8,1.0
1853,1853.vtk,70,0.9946541786193848
1854,1854.vtk,90,0.731493353843689
1855,1855.vtk,17,1.0
1856,1856.vtk,61,0.9999973773956299
1857,1857.vtk,88,0.4457296133041382
1858,1858.vtk,91,1.0
1859,1859.vtk,16,1.0
1860,1860.vtk,49,1.0
1861,1861.vtk,54,1.0
1862,1862.vtk,22,0.995799720287323
1863,1863.vtk,70,0.9999984502792358
1864,1864.vtk,66,0.999982476234436
1865,1865.vtk,19,1.0
1866,1866.vtk,90,1.0
1867,1867.vtk,91,0.9999998807907104
1868,1868.vtk,8,0.9981039762496948
1869,1869.vtk,56,0.9999998807907104
1870,1870.vtk,14,0.9996228218078613
1871,1871.vtk,90,0.9999575614929199
1872,1872.vtk,8,1.0
1873,1873.vtk,71,0.9999998807907104
1874,1874.vtk,70,0.9999997615814209
1875,1875.vtk,8,1.0
1876,1876.vtk,88,1.0
1877,1877.vtk,40,0.9692920446395874
1878,1878.vtk,14,0.9945637583732605
1879,1879.vtk,8,0.9237644672393799
1880,1880.vtk,90,1.0
1881,1881.vtk,8,1.0
1882,1882.vtk,38,0.9999998807907104
1883,1883.vtk,80,0.5305578112602234
1884,1884.vtk,56,0.9998070597648621
1885,1885.vtk,31,0.9999980926513672
1886,1886.vtk,90,0.9999542236328125
1887,1887.vtk,8,0.9585655927658081
1888,1888.vtk,7,1.0
1889,1889.vtk,66,0.9951567053794861
1890,1890.vtk,90,0.9999998807907104
1891,1891.vtk,16,0.9996300935745239
1892,1892.vtk,75,0.9999998807907104
1893,1893.vtk,86,0.9999934434890747
1894,1894.vtk,19,0.9999985694885254
1895,1895.vtk,8,1.0
1896,1896.vtk,8,1.0
1897,1897.vtk,56,1.0
1898,1898.vtk,28,0.5632203817367554
1899,1899.vtk,16,1.0
1900,1900.vtk,61,0.9999840259552002
1901,1901.vtk,71,1.0
1902,1902.vtk,21,1.0
1903,1903.vtk,56,0.711318850517273
1904,1904.vtk,21,0.6365547776222229
1905,1905.vtk,92,1.0
1906,1906.vtk,92,0.9995521903038025
1907,1907.vtk,91,1.0
1908,1908.vtk,8,1.0
1909,1909.vtk,56,1.0
1910,1910.vtk,90,0.9760473966598511
1911,1911.vtk,90,0.9899882674217224
1912,1912.vtk,40,0.999541163444519
1913,1913.vtk,32,0.9998465776443481
1914,1914.vtk,83,1.0
1915,1915.vtk,8,1.0
1916,1916.vtk,16,1.0
1917,1917.vtk,8,0.9999998807907104
1918,1918.vtk,91,0.9999990463256836
1919,1919.vtk,90,1.0
1920,1920.vtk,15,0.9999998807907104
1921,1921.vtk,90,0.9999814033508301
1922,1922.vtk,8,1.0
1923,1923.vtk,61,0.6269149780273438
1924,1924.vtk,41,1.0
1925,1925.vtk,90,0.6993731260299683
1926,1926.vtk,14,0.9999878406524658
1927,1927.vtk,74,0.9500987529754639
1928,1928.vtk,56,0.9999997615814209
1929,1929.vtk,8,0.999994158744812
1930,1930.vtk,5,0.9999986886978149
1931,1931.vtk,8,1.0
1932,1932.vtk,90,0.9981020092964172
1933,1933.vtk,8,1.0
1934,1934.vtk,0,1.0
1935,1935.vtk,0,1.0
1936,1936.vtk,56,1.0
1937,1937.vtk,8,1.0
1938,1938.vtk,54,1.0
1939,1939.vtk,22,0.9657822847366333
1940,1940.vtk,8,0.9999109506607056
1941,1941.vtk,90,0.7106785178184509
1942,1942.vtk,71,0.9999996423721313
1943,1943.vtk,56,1.0
1944,1944.vtk,18,1.0
1945,1945.vtk,14,0.9307442307472229
1946,1946.vtk,70,0.5043843388557434
1947,1947.vtk,25,1.0
1948,1948.vtk,8,0.9007620811462402
1949,1949.vtk,86,0.5767011046409607
1950,1950.vtk,61,0.9893525838851929
1951,1951.vtk,11,1.0
1952,1952.vtk,86,0.9999980926513672
1953,1953.vtk,79,0.9999998807907104
1954,1954.vtk,90,0.7729668021202087
1955,1955.vtk,56,0.9999780654907227
1956,1956.vtk,90,0.9874572157859802
1957,1957.vtk,8,0.9989466071128845
1958,1958.vtk,70,1.0
1959,1959.vtk,32,0.36330315470695496
1960,1960.vtk,8,0.5229652523994446
1961,1961.vtk,70,0.9999722242355347
1962,1962.vtk,8,0.9999997615814209
1963,1963.vtk,90,0.9992375373840332
1964,1964.vtk,80,0.7250720262527466
1965,1965.vtk,33,1.0
1966,1966.vtk,79,0.9606133699417114
1967,1967.vtk,8,1.0
1968,1968.vtk,90,1.0
1969,1969.vtk,38,0.9999843835830688
1970,1970.vtk,90,0.9999986886978149
1971,1971.vtk,59,1.0
1972,1972.vtk,53,1.0
1973,1973.vtk,90,1.0
1974,1974.vtk,86,0.9999996423721313
1975,1975.vtk,45,1.0
1976,1976.vtk,37,1.0
1977,1977.vtk,25,0.9996473789215088
1978,1978.vtk,74,0.5141590237617493
1979,1979.vtk,56,1.0
1980,1980.vtk,16,1.0
1981,1981.vtk,8,0.9998400211334229
1982,1982.vtk,71,1.0
1983,1983.vtk,8,1.0
1984,1984.vtk,61,0.9847458600997925
1985,1985.vtk,8,1.0
1986,1986.vtk,38,0.9999943971633911
1987,1987.vtk,90,0.5079987645149231
1988,1988.vtk,66,0.9999904632568359
1989,1989.vtk,70,1.0
1990,1990.vtk,9,0.8658473491668701
1991,1991.vtk,9,1.0
1992,1992.vtk,8,1.0
1993,1993.vtk,48,0.6166582107543945
1994,1994.vtk,17,1.0
1995,1995.vtk,70,0.9999575614929199
1996,1996.vtk,64,0.9880039691925049
1997,1997.vtk,25,0.6006276607513428
1998,1998.vtk,56,0.9999997615814209
1999,1999.vtk,22,0.9977403879165649
2000,2000.vtk,87,1.0
2001,2001.vtk,8,1.0
2002,2002.vtk,8,0.9999816417694092
2003,2003.vtk,80,0.9999998807907104
2004,2004.vtk,8,0.9999994039535522
2005,2005.vtk,51,0.9999988079071045
2006,2006.vtk,14,0.7818942666053772
2007,2007.vtk,17,1.0
2008,2008.vtk,8,1.0
2009,2009.vtk,8,1.0
2010,2010.vtk,16,1.0
2011,2011.vtk,56,0.893273651599884
2012,2012.vtk,8,0.9940915703773499
2013,2013.vtk,56,1.0
2014,2014.vtk,56,0.36450839042663574
2015,2015.vtk,80,0.9097456336021423
2016,2016.vtk,14,0.850835919380188
2017,2017.vtk,59,1.0
2018,2018.vtk,33,1.0
2019,2019.vtk,18,1.0
2020,2020.vtk,16,0.9999998807907104
2021,2021.vtk,66,0.9999651908874512
2022,2022.vtk,8,1.0
2023,2023.vtk,8,0.9999922513961792
2024,2024.vtk,74,1.0
2025,2025.vtk,61,0.9999415874481201
2026,2026.vtk,8,0.9969788789749146
2027,2027.vtk,79,0.9999991655349731
2028,2028.vtk,4,1.0
2029,2029.vtk,86,1.0
2030,2030.vtk,91,1.0
2031,2031.vtk,56,0.9997432827949524
2032,2032.vtk,0,1.0
2033,2033.vtk,8,0.9977174997329712
2034,2034.vtk,90,0.9913766384124756
2035,2035.vtk,90,0.9982070922851562
2036,2036.vtk,5,1.0
2037,2037.vtk,81,1.0
2038,2038.vtk,8,0.99112468957901
2039,2039.vtk,80,0.9853100776672363
2040,2040.vtk,41,0.49139294028282166
2041,2041.vtk,29,0.9999786615371704
2042,2042.vtk,29,0.8928866982460022
2043,2043.vtk,62,1.0
2044,2044.vtk,31,0.9803329110145569
2045,2045.vtk,87,1.0
2046,2046.vtk,83,0.9983829259872437
2047,2047.vtk,34,1.0
2048,2048.vtk,17,1.0
2049,2049.vtk,6,1.0
2050,2050.vtk,59,1.0
2051,2051.vtk,37,1.0
2052,2052.vtk,56,1.0
2053,2053.vtk,49,0.9999891519546509
2054,2054.vtk,60,0.9999998807907104
2055,2055.vtk,86,0.9999794960021973
2056,2056.vtk,69,0.9999773502349854
2057,2057.vtk,8,1.0
2058,2058.vtk,8,0.999934196472168
2059,2059.vtk,51,0.9979092478752136
2060,2060.vtk,11,0.999991774559021
2061,2061.vtk,88,1.0
2062,2062.vtk,70,0.713840126991272
2063,2063.vtk,90,0.9997137188911438
2064,2064.vtk,74,1.0
2065,2065.vtk,14,0.9994370341300964
2066,2066.vtk,91,1.0
2067,2067.vtk,56,0.9999171495437622
2068,2068.vtk,40,0.9760676026344299
2069,2069.vtk,90,0.9997473359107971
2070,2070.vtk,14,0.9999998807907104
2071,2071.vtk,56,1.0
2072,2072.vtk,56,0.9999951124191284
2073,2073.vtk,34,0.9990785121917725
2074,2074.vtk,49,1.0
2075,2075.vtk,45,1.0
2076,2076.vtk,32,1.0
2077,2077.vtk,92,0.9999977350234985
2078,2078.vtk,8,0.8837198615074158
2079,2079.vtk,86,1.0
2080,2080.vtk,8,1.0
2081,2081.vtk,90,0.9999923706054688
2082,2082.vtk,22,0.9999992847442627
2083,2083.vtk,83,1.0
2084,2084.vtk,39,0.9962377548217773
2085,2085.vtk,41,0.7871584892272949
2086,2086.vtk,52,0.999990701675415
2087,2087.vtk,21,0.9270936846733093
2088,2088.vtk,15,1.0
2089,2089.vtk,53,0.9999490976333618
2090,2090.vtk,8,0.9241940379142761
2091,2091.vtk,8,1.0
2092,2092.vtk,8,0.9933207631111145
2093,2093.vtk,33,1.0
2094,2094.vtk,8,0.7873317003250122
2095,2095.vtk,56,1.0
2096,2096.vtk,14,1.0
2097,2097.vtk,8,0.8788700699806213
2098,2098.vtk,41,0.9999984502792358
2099,2099.vtk,54,1.0
2100,2100.vtk,56,0.9997376799583435
2101,2101.vtk,45,1.0
2102,2102.vtk,8,0.9998270869255066
2103,2103.vtk,8,1.0
2104,2104.vtk,96,0.9056760668754578
2105,2105.vtk,74,1.0
2106,2106.vtk,83,1.0
2107,2107.vtk,74,1.0
2108,2108.vtk,14,1.0
2109,2109.vtk,17,1.0
2110,2110.vtk,15,1.0
2111,2111.vtk,21,0.9969357252120972
2112,2112.vtk,85,1.0
2113,2113.vtk,56,0.9999868869781494
2114,2114.vtk,90,0.9999948740005493
2115,2115.vtk,25,0.9999995231628418
2116,2116.vtk,8,1.0
2117,2117.vtk,69,0.9999762773513794
2118,2118.vtk,21,0.9999997615814209
2119,2119.vtk,51,0.9999998807907104
2120,2120.vtk,90,1.0
2121,2121.vtk,14,0.9936068058013916
2122,2122.vtk,53,1.0
2123,2123.vtk,39,0.9992788434028625
2124,2124.vtk,92,0.9996771812438965
2125,2125.vtk,8,1.0
2126,2126.vtk,34,0.7144360542297363
2127,2127.vtk,7,0.9994648098945618
2128,2128.vtk,90,0.9801930785179138
2129,2129.vtk,90,0.8646696209907532
2130,2130.vtk,56,0.9999998807907104
2131,2131.vtk,87,1.0
2132,2132.vtk,8,0.9999892711639404
2133,2133.vtk,7,1.0
2134,2134.vtk,90,0.9999828338623047
2135,2135.vtk,19,0.9074347615242004
2136,2136.vtk,90,0.9994445443153381
2137,2137.vtk,17,1.0
2138,2138.vtk,56,0.47251299023628235
2139,2139.vtk,40,0.5490342974662781
2140,2140.vtk,15,1.0
2141,2141.vtk,90,0.9947479367256165
2142,2142.vtk,74,1.0
2143,2143.vtk,66,0.9999884366989136
2144,2144.vtk,70,0.9999840259552002
2145,2145.vtk,14,0.9999996423721313
2146,2146.vtk,70,0.9999997615814209
2147,2147.vtk,56,1.0
2148,2148.vtk,56,0.881550133228302
2149,2149.vtk,56,0.9994669556617737
2150,2150.vtk,8,0.9999988079071045
2151,2151.vtk,8,1.0
2152,2152.vtk,90,0.9996249675750732
2153,2153.vtk,8,1.0
2154,2154.vtk,86,0.9999982118606567
2155,2155.vtk,8,0.9997414946556091
2156,2156.vtk,45,1.0
2157,2157.vtk,56,1.0
2158,2158.vtk,13,0.7790154814720154
2159,2159.vtk,56,0.9957829713821411
2160,2160.vtk,88,1.0
2161,2161.vtk,54,1.0
2162,2162.vtk,8,0.7116347551345825
2163,2163.vtk,8,1.0
2164,2164.vtk,54,1.0
2165,2165.vtk,71,1.0
2166,2166.vtk,86,0.6968284249305725
2167,2167.vtk,90,0.9958349466323853
2168,2168.vtk,8,1.0
2169,2169.vtk,93,0.999957799911499
2170,2170.vtk,14,0.9999985694885254
2171,2171.vtk,8,0.7615259885787964
2172,2172.vtk,90,0.9989701509475708
2173,2173.vtk,8,0.9999996423721313
2174,2174.vtk,83,1.0
2175,2175.vtk,61,0.9999918937683105
2176,2176.vtk,56,0.9999998807907104
2177,2177.vtk,8,0.9998156428337097
2178,2178.vtk,32,1.0
2179,2179.vtk,8,0.999995231628418
2180,2180.vtk,8,1.0
2181,2181.vtk,8,1.0
2182,2182.vtk,61,0.7814074754714966
2183,2183.vtk,22,0.9981042146682739
2184,2184.vtk,41,0.9999897480010986
2185,2185.vtk,62,1.0
2186,2186.vtk,8,0.9660064578056335
2187,2187.vtk,8,0.999984622001648
2188,2188.vtk,56,0.9999998807907104
2189,2189.vtk,8,1.0
2190,2190.vtk,8,1.0
2191,2191.vtk,34,0.8129613399505615
2192,2192.vtk,69,1.0
2193,2193.vtk,35,0.9999828338623047
2194,2194.vtk,93,0.9613487720489502
2195,2195.vtk,17,0.7282764911651611
2196,2196.vtk,79,0.9999998807907104
2197,2197.vtk,90,0.9916638135910034
2198,2198.vtk,81,1.0
2199,2199.vtk,90,0.999180018901825
2200,2200.vtk,8,0.998688280582428
2201,2201.vtk,8,0.9999994039535522
2202,2202.vtk,71,1.0
2203,2203.vtk,75,0.9926088452339172
2204,2204.vtk,61,0.9996532201766968
2205,2205.vtk,34,0.9947353005409241
2206,2206.vtk,0,1.0
2207,2207.vtk,8,0.9957144856452942
2208,2208.vtk,62,0.9879580736160278
2209,2209.vtk,8,1.0
2210,2210.vtk,5,1.0
2211,2211.vtk,8,0.999244213104248
2212,2212.vtk,8,0.9999675750732422
2213,2213.vtk,70,0.7324445247650146
2214,2214.vtk,16,0.9998533725738525
2215,2215.vtk,88,0.7759883403778076
2216,2216.vtk,8,1.0
2217,2217.vtk,38,1.0
2218,2218.vtk,14,1.0
2219,2219.vtk,37,1.0
2220,2220.vtk,0,1.0
2221,2221.vtk,8,0.9999997615814209
2222,2222.vtk,54,0.9999992847442627
2223,2223.vtk,35,0.892655611038208
2224,2224.vtk,8,1.0
2225,2225.vtk,69,0.9991127848625183
2226,2226.vtk,90,1.0
2227,2227.vtk,61,0.9962326884269714
2228,2228.vtk,41,1.0
2229,2229.vtk,5,1.0
2230,2230.vtk,33,1.0
2231,2231.vtk,81,1.0
2232,2232.vtk,92,1.0
2233,2233.vtk,70,0.9999916553497314
2234,2234.vtk,90,0.9833654761314392
2235,2235.vtk,14,1.0
2236,2236.vtk,61,0.8056737184524536
2237,2237.vtk,8,0.6325109004974365
2238,2238.vtk,0,1.0
2239,2239.vtk,34,0.9999998807907104
2240,2240.vtk,53,0.9999872446060181
2241,2241.vtk,46,1.0
2242,2242.vtk,25,0.9995929598808289
2243,2243.vtk,8,0.9853745698928833
2244,2244.vtk,91,1.0
2245,2245.vtk,14,0.8324500322341919
2246,2246.vtk,8,1.0
2247,2247.vtk,14,0.8683358430862427
2248,2248.vtk,38,0.9999700784683228
2249,2249.vtk,17,1.0
2250,2250.vtk,51,0.7351924777030945
2251,2251.vtk,90,0.9863491058349609
2252,2252.vtk,8,1.0
2253,2253.vtk,83,1.0
2254,2254.vtk,19,0.9999994039535522
2255,2255.vtk,29,1.0
2256,2256.vtk,8,1.0
2257,2257.vtk,86,0.9999955892562866
2258,2258.vtk,56,1.0
2259,2259.vtk,56,0.9999862909317017
2260,2260.vtk,60,1.0
2261,2261.vtk,41,1.0
2262,2262.vtk,54,1.0
2263,2263.vtk,70,0.9997923970222473
2264,2264.vtk,90,0.9593257308006287
2265,2265.vtk,8,1.0
2266,2266.vtk,15,1.0
2267,2267.vtk,56,0.9999170303344727
2268,2268.vtk,16,0.9850730299949646
2269,2269.vtk,16,1.0
2270,2270.vtk,8,0.9999921321868896
2271,2271.vtk,41,0.6293244361877441
2272,2272.vtk,90,1.0
2273,2273.vtk,69,1.0
2274,2274.vtk,57,0.9999902248382568
2275,2275.vtk,70,0.9810270071029663
2276,2276.vtk,33,1.0
2277,2277.vtk,14,0.9999991655349731
2278,2278.vtk,8,0.9751206636428833
2279,2279.vtk,35,0.9999996423721313
2280,2280.vtk,14,0.9052356481552124
2281,2281.vtk,8,0.9993630051612854
2282,2282.vtk,56,0.9982094764709473
2283,2283.vtk,61,0.9999139308929443
2284,2284.vtk,70,0.9999998807907104
2285,2285.vtk,7,1.0
2286,2286.vtk,8,0.9999990463256836
2287,2287.vtk,7,1.0
2288,2288.vtk,16,1.0
2289,2289.vtk,83,1.0
2290,2290.vtk,0,1.0
2291,2291.vtk,8,1.0
2292,2292.vtk,40,0.9127357006072998
2293,2293.vtk,56,0.9999648332595825
2294,2294.vtk,17,0.9999992847442627
2295,2295.vtk,0,1.0
2296,2296.vtk,90,0.9999929666519165
2297,2297.vtk,70,0.999382495880127
2298,2298.vtk,8,1.0
2299,2299.vtk,56,0.9999891519546509
2300,2300.vtk,8,0.9999998807907104
2301,2301.vtk,33,1.0
2302,2302.vtk,17,1.0
2303,2303.vtk,8,1.0
2304,2304.vtk,8,0.9999984502792358
2305,2305.vtk,52,1.0
2306,2306.vtk,94,0.9999908208847046
2307,2307.vtk,5,1.0
2308,2308.vtk,86,0.9451705813407898
2309,2309.vtk,37,1.0
2310,2310.vtk,14,0.9955713152885437
2311,2311.vtk,15,1.0
2312,2312.vtk,8,0.9999290704727173
2313,2313.vtk,10,1.0
2314,2314.vtk,90,0.9999997615814209
2315,2315.vtk,8,1.0
2316,2316.vtk,9,1.0
2317,2317.vtk,8,0.9999998807907104
2318,2318.vtk,8,0.999996542930603
2319,2319.vtk,66,1.0
2320,2320.vtk,51,1.0
